ID,Name,Creation_Date,Is_Active
1,John,2023-05-10,1
2,Alice,2022-08-20,0
3,Michael,2022-12-15,1
4,Emily,2023-02-28,1
5,David,2023-04-05,0
6,Sarah,2022-10-30,1
7,James,2023-01-18,0
8,Sophia,2023-03-22,1
9,Ethan,2022-11-05,0
10,Emma,2023-06-08,1
11,Liam,2023-09-14,0
12,Olivia,2023-10-25,1
13,Noah,2023-12-01,1
14,Ava,2023-07-03,0
15,William,2023-08-11,1
16,Isabella,2023-11-19,1
17,James,2022-09-22,0
18,Grace,2022-10-01,1
19,Alexander,2022-12-10,0
20,Sophie,2023-02-18,1
21,Benjamin,2023-04-25,0
22,Chloe,2023-06-30,1
23,Elijah,2023-01-05,0
24,Mia,2023-03-11,1
25,Samuel,2023-05-19,1
26,Charlotte,2023-08-24,0
27,Daniel,2023-09-30,1
28,Lily,2023-11-05,1
29,Matthew,2022-07-15,0
30,Ella,2022-09-20,1
31,Logan,2022-11-25,0
32,Avery,2023-01-30,1
33,Lucas,2023-04-06,0
34,Amelia,2023-06-12,1
35,Jack,2023-08-17,1
36,Harper,2023-10-26,0
37,Jacob,2023-12-31,1
38,Evelyn,2023-07-04,0
39,Michael,2023-09-10,1
40,Abigail,2023-11-15,1
41,William,2022-10-20,0
42,Emily,2022-12-28,1
43,Matthew,2023-03-04,0
44,Sophia,2023-05-10,1
45,Benjamin,2023-07-15,0
46,Olivia,2023-09-23,1
47,David,2023-12-01,1
48,Mia,2023-01-07,0
49,Alexander,2023-03-14,1
50,Ava,2023-05-20,1
51,James,2023-08-25,0
52,Charlotte,2023-10-31,1
53,Michael,2023-12-05,1
54,Sophie,2022-08-10,0
55,John,2022-10-15,1
56,Ella,2022-12-22,1
57,Logan,2023-03-29,0
58,Grace,2023-06-03,1
59,Liam,2023-08-08,1
60,Chloe,2023-10-16,0
61,Lucas,2023-12-23,1
62,Emma,2023-01-27,0
63,Daniel,2023-04-04,1
64,Ava,2023-06-09,1
65,William,2023-09-14,0
66,Emily,2023-11-20,1
67,Matthew,2022-07-25,0
68,Sophia,2022-09-30,1
69,Jack,2022-12-06,1
70,Olivia,2023-02-11,0
71,David,2023-04-18,1
72,Sophie,2023-06-24,0
73,James,2023-09-29,1
74,Ella,2023-12-04,1
75,Alexander,2023-01-09,0
76,Chloe,2023-03-18,1
77,Charlotte,2023-05-24,1
78,Michael,2023-08-29,0
79,Sophia,2023-11-03,1
80,William,2022-10-08,0
81,Amelia,2022-12-14,1
82,Liam,2023-02-21,1
83,Ava,2023-04-28,0
84,Oliver,2023-07-05,1
85,Isabella,2023-09-10,1
86,Emily,2023-11-17,0
87,Mia,2022-07-22,1
88,Matthew,2022-09-27,0
89,Sophia,2022-12-04,1
90,Alexander,2023-02-10,1
91,Chloe,2023-04-17,0
92,James,2023-06-22,1
93,Sophie,2023-08-30,1
94,William,2023-11-05,0
95,Ella,2022-10-15,1
96,Lucas,2022-12-20,0
97,Grace,2023-03-27,1
98,Charlotte,2023-06-01,1
99,Liam,2023-08-06,0
100,Chloe,2023-10-14,1